Manufacturer,Model Name,Category,Screen Size,Screen,CPU,RAM,Storage,GPU,Operating System,Weight,Price (INR),Rounded Price (INR)
Apple,MacBook Pro,Ultrabook,"13.3""",IPS Panel Retina Display 2560x1600,Intel Core i5 2.3GHz,8GB,128GB SSD,Intel Iris Plus Graphics 640,macOS,1.37kg,"? 1,33,969.00","1,34,000.00"
Apple,Macbook Air,Ultrabook,"13.3""",1440x900,Intel Core i5 1.8GHz,8GB,128GB Flash Storage,Intel HD Graphics 6000,macOS,1.34kg,"? 89,894.00","? 90,000.00"
HP,250 G6,Notebook,"15.6""",Full HD 1920x1080,Intel Core i5 7200U 2.5GHz,8GB,256GB SSD,Intel HD Graphics 620,No OS,1.86kg,"? 57,500.00","? 58,000.00"
Apple,MacBook Pro,Ultrabook,"15.4""",IPS Panel Retina Display 2880x1800,Intel Core i7 2.7GHz,16GB,512GB SSD,AMD Radeon Pro 455,macOS,1.83kg,"? 2,53,745.00","? 2,54,000.00"
Apple,MacBook Pro,Ultrabook,"13.3""",IPS Panel Retina Display 2560x1600,Intel Core i5 3.1GHz,8GB,256GB SSD,Intel Iris Plus Graphics 650,macOS,1.37kg,"? 1,80,360.00","? 1,80,000.00"
Acer,Aspire 3,Notebook,"15.6""",1366x768,AMD A9-Series 9420 3GHz,4GB,500GB HDD,AMD Radeon R5,Windows,2.1kg,"? 40,000.00","? 40,000.00"
Apple,MacBook Pro,Ultrabook,"15.4""",IPS Panel Retina Display 2880x1800,Intel Core i7 2.2GHz,16GB,256GB Flash Storage,Intel Iris Pro Graphics,Mac OS,2.04kg,"? 2,13,997.00","? 2,14,000.00"
Apple,Macbook Air,Ultrabook,"13.3""",1440x900,Intel Core i5 1.8GHz,8GB,256GB Flash Storage,Intel HD Graphics 6000,macOS,1.34kg,"? 1,15,870.00","? 1,16,000.00"
Asus,ZenBook UX430UN,Ultrabook,"14.0""",Full HD 1920x1080,Intel Core i7 8550U 1.8GHz,16GB,512GB SSD,Nvidia GeForce MX150,Windows,1.3kg,"? 1,49,500.00","? 1,50,000.00"
Acer,Swift 3,Ultrabook,"14.0""",IPS Panel Full HD 1920x1080,Intel Core i5 8250U 1.6GHz,8GB,256GB SSD,Intel UHD Graphics 620,Windows,1.6kg,"? 77,000.00","? 77,000.00"
HP,250 G6,Notebook,"15.6""",1366x768,Intel Core i5 7200U 2.5GHz,4GB,500GB HDD,Intel HD Graphics 620,No OS,1.86kg,"? 39,390.00","? 39,000.00"
HP,250 G6,Notebook,"15.6""",Full HD 1920x1080,Intel Core i3 6006U 2GHz,4GB,500GB HDD,Intel HD Graphics 520,No OS,1.86kg,"? 34,499.00","? 34,000.00"
Apple,MacBook Pro,Ultrabook,"15.4""",IPS Panel Retina Display 2880x1800,Intel Core i7 2.8GHz,16GB,256GB SSD,AMD Radeon Pro 555,macOS,1.83kg,"? 2,43,997.00","? 2,44,000.00"
Dell,Inspiron 3567,Notebook,"15.6""",Full HD 1920x1080,Intel Core i3 6006U 2GHz,4GB,256GB SSD,AMD Radeon R5 M430,Windows,2.2kg,"? 49,890.00","? 50,000.00"
Apple,"MacBook 12""",Ultrabook,"12.0""",IPS Panel Retina Display 2304x1440,Intel Core M m3 1.2GHz,8GB,256GB SSD,Intel HD Graphics 615,macOS,0.92kg,"? 1,26,240.00","? 1,26,000.00"
Apple,MacBook Pro,Ultrabook,"13.3""",IPS Panel Retina Display 2560x1600,Intel Core i5 2.3GHz,8GB,256GB SSD,Intel Iris Plus Graphics 640,macOS,1.37kg,"? 1,51,855.00","? 1,52,000.00"
Dell,Inspiron 3567,Notebook,"15.6""",Full HD 1920x1080,Intel Core i7 7500U 2.7GHz,8GB,256GB SSD,AMD Radeon R5 M430,Windows,2.2kg,"? 74,500.00","? 75,000.00"
Apple,MacBook Pro,Ultrabook,"15.4""",IPS Panel Retina Display 2880x1800,Intel Core i7 2.9GHz,16GB,512GB SSD,AMD Radeon Pro 560,macOS,1.83kg,"? 2,85,800.00","? 2,86,000.00"
Lenovo,IdeaPad 320-15IKB,Notebook,"15.6""",Full HD 1920x1080,Intel Core i3 7100U 2.4GHz,8GB,1TB HDD,Nvidia GeForce 940MX,No OS,2.2kg,"? 49,900.00","? 50,000.00"
Dell,XPS 13,Ultrabook,"13.3""",IPS Panel Full HD / Touchscreen 1920x1080,Intel Core i5 8250U 1.6GHz,8GB,128GB SSD,Intel UHD Graphics 620,Windows,1.22kg,"? 97,900.00","? 98,000.00"
Asus,Vivobook E200HA,Netbook,"11.6""",1366x768,Intel Atom x5-Z8350 1.44GHz,2GB,32GB Flash Storage,Intel HD Graphics 400,Windows,0.98kg,"? 19,190.00","? 19,000.00"
